Company,Physical Profit,LT Contract Profit,Futures Profit,Options Profit,Total Profit ($)
Red,1400.0,-450.0,-250.0,-50.0,650.0
Green,1155.0,125.0,0.0,0.0,1280.0
Blue,937.5,175.0,212.5,0.0,1325.0
Yellow,552.4999999999987,-275.0,237.5,0.0,514.9999999999987
Magenta,0.0,0.0,287.5,0.0,287.5
Purple,0.0,0.0,125.0,0.0,125.0
